video_id,title,channel_title,category,views,likes,comments,publish_time,trending_date
VID1000,video title 0,channel162,Comedy,0.9834148460333153,0.5169729251895437,0.013810106031147903,2025-09-09,2025-04-14
VID1001,video title 1,channel54,Lifestyle,0.95841576519842,0.16440520049322815,0.7122927983002947,2025-06-22,2025-06-18
VID1002,video title 2,channel157,Gaming,0.9666478681497336,0.4899784777733411,0.25074662764827327,2025-04-07,2025-05-12
VID1003,video title 3,channel189,Health,0.15129397351157034,0.7949461693199026,0.47880379226714237,2025-04-04,2025-01-30
VID1004,video title 4,channel45,Technology,0.26246834907700756,0.7835547083951752,0.07077428794772604,2025-01-30,2025-04-05
VID1005,video title 5,channel168,Gaming,0.2785494188365158,0.6789647231367703,0.43554949790543385,2025-07-14,2025-04-18
VID1006,video title 6,channel34,Gaming,0.6493502657944208,0.8156974130635144,0.1602894309594917,2025-03-05,2025-04-23
VID1007,video title 7,channel25,Sports,0.8863467918526008,0.9617547269791281,0.5721673247679943,2025-05-24,2025-08-14
VID1008,video title 8,channel155,Music,0.7616945426505667,0.6989022911000444,0.09632999939868914,2025-07-28,2025-07-15
VID1009,video title 9,channel45,Sports,0.5748452537829922,0.8942095918310969,0.47906436030546595,2025-02-09,2025-07-05
VID1010,video title 10,channel11,Technology,0.27032856686790524,0.48219581961511127,0.7254214186927502,2025-05-09,2025-08-05
VID1011,video title 11,channel52,Travel,0.553934498787807,0.9789599515812684,0.41728969152753004,2025-08-30,2025-02-12
VID1012,video title 12,channel104,Music,0.5294025346454925,0.826624275163049,0.8016275480547594,2025-04-05,2025-07-02
VID1013,video title 13,channel115,Education,0.685427546383683,0.10698831973440015,0.3788458840271793,2025-01-11,2025-02-09
VID1014,video title 14,channel199,Travel,0.40346626704247623,0.09215380481324383,0.321420697119721,2025-09-02,2025-02-24
VID1015,video title 15,channel102,Gaming,0.8912769322909833,0.42532390072150944,0.1123248682127037,2025-03-22,2025-05-29
VID1016,video title 16,channel144,Health,0.8774731819768096,0.522465236706823,0.860556012106392,2025-08-11,2025-09-29
VID1017,video title 17,channel196,News,0.9852011404478251,0.8202504815504039,0.9519352187769338,2025-04-14,2025-10-17
VID1018,video title 18,channel138,Gaming,0.5743070148068959,0.8392161589982746,0.6769357198693151,2025-02-09,2025-09-11
VID1019,video title 19,channel93,Technology,0.3798215232504571,0.6286423920058866,0.5028762702691869,2025-08-08,2025-01-05
VID1020,video title 20,channel11,Travel,0.20907038152685076,0.42546202469656674,0.9147341203824337,2025-08-05,2025-10-02
VID1021,video title 21,channel105,News,0.5578783700460265,0.18267523537581024,0.5884227616203324,2025-07-16,2025-05-08
VID1022,video title 22,channel26,Lifestyle,0.46055817330652116,0.9558304641216696,0.7342005572147281,2025-10-12,2025-03-03
VID1023,video title 23,channel83,Music,0.2944145099102071,0.4116320477758273,0.10843639133310617,2025-03-16,2025-04-14
VID1024,video title 24,channel22,Technology,0.5422332758662602,0.387400079860771,0.5811268565472731,2025-04-26,2025-03-11
VID1025,video title 25,channel91,Music,0.3911761757226697,0.292375807711336,0.7230362189573271,2025-01-26,2025-10-15
VID1026,video title 26,channel198,Lifestyle,0.9074918083804953,0.40391719593262565,0.8463851195606422,2025-06-03,2025-01-11
VID1027,video title 27,channel115,Health,0.8352990742249428,0.4876655290273812,0.26724258884367924,2025-09-19,2025-07-21
VID1028,video title 28,channel34,News,0.6600378957206685,0.1898903295638045,0.44984065262271755,2025-01-19,2025-06-02
VID1029,video title 29,channel29,Sports,0.8337337812563851,0.2933728116767497,0.8865326411577239,2025-01-20,2025-03-18
VID1030,video title 30,channel42,Travel,0.8678409344101862,0.34765804521927807,0.5994267503156883,2025-02-06,2025-06-06
VID1031,video title 31,channel77,Travel,0.31922915499293497,0.36692257272227286,0.9957106492152894,2025-05-28,2025-01-27
VID1032,video title 32,channel61,Music,0.49817181576596187,0.11270162961177117,0.9676093884668578,2025-05-31,2025-04-04
VID1033,video title 33,channel74,Sports,0.8396252779846596,0.16830783062484775,0.11545168467258624,2025-02-20,2025-09-25
VID1034,video title 34,channel27,News,0.1398404731198955,0.2036826363095283,0.5646308953518671,2025-05-29,2025-03-04
VID1035,video title 35,channel13,News,0.6980640072424182,0.9911249067663168,0.579082399631196,2025-02-23,2025-07-29
VID1036,video title 36,channel60,Gaming,0.7779192633499439,0.9037476801450552,0.2808522579222706,2025-03-22,2025-10-13
VID1037,video title 37,channel138,Gaming,0.6686101399883431,0.6071829489719809,0.773987292297208,2025-03-01,2025-03-29
VID1038,video title 38,channel142,Health,0.6934581361983692,0.5860776055832222,0.06267663506444048,2025-05-07,2025-06-06
VID1039,video title 39,channel92,Music,0.04588271292534993,0.8101950561662309,0.9110260367601372,2025-01-29,2025-07-15
VID1040,video title 40,channel3,Health,0.3366372379801834,0.21743727288023645,0.5929726804433666,2025-05-03,2025-02-06
VID1041,video title 41,channel8,Music,0.0008466364484022897,0.7140004972463101,0.8313924355094106,2025-08-02,2025-04-18
VID1042,video title 42,channel133,Sports,0.13054937142166012,0.18960654757868672,0.9081197009480668,2025-06-17,2025-02-27
VID1043,video title 43,channel36,Sports,0.35314865782808214,0.2709992390624647,0.08161792708103666,2025-08-18,2025-08-27
VID1044,video title 44,channel111,Technology,0.006604125936267602,0.06754764649303227,0.6260848650057125,2025-09-01,2025-08-24
VID1045,video title 45,channel182,Technology,0.014571428973249381,0.9006361236887639,0.17373875047603776,2025-09-17,2025-08-26
VID1046,video title 46,channel100,Gaming,0.9028441479721208,0.26136823098346784,0.7471888717403941,2025-05-17,2025-06-25
VID1047,video title 47,channel189,Comedy,0.9684620891105956,0.6923778167873368,0.3646349040909182,2025-09-17,2025-09-11
VID1048,video title 48,channel94,Lifestyle,0.16159927093632084,0.6285293814808396,0.32059890561423904,2025-02-01,2025-06-05
VID1049,video title 49,channel180,Education,0.014168201789589344,0.45615066060930254,0.9788739452005373,2025-02-13,2025-10-12
VID1050,video title 50,channel198,Education,0.05975798734384992,0.5656201892047323,0.9399290453187951,2025-08-07,2025-05-05
VID1051,video title 51,channel67,Health,0.3372214854391188,0.021579987593955696,0.4799863702872262,2025-03-15,2025-06-12
VID1052,video title 52,channel173,Gaming,0.08840298930574003,0.043775254713166734,0.12226654105950974,2025-02-07,2025-05-02
VID1053,video title 53,channel49,Education,0.1894729778518378,0.9700974150725904,1.0,2025-05-23,2025-02-22
VID1054,video title 54,channel76,Comedy,0.18948844795305447,0.3917647974725824,0.7014090717764727,2025-08-10,2025-06-29
VID1055,video title 55,channel30,Music,0.7575600074176121,0.029011057452039593,0.007957347016495961,2025-09-10,2025-10-28
VID1056,video title 56,channel28,News,0.6451759503011948,0.30392297202612806,0.1444949990980337,2025-10-12,2025-09-26
VID1057,video title 57,channel173,Comedy,0.773156079458458,0.2737918547036236,0.5728287667114309,2025-08-08,2025-07-31
VID1058,video title 58,channel61,Gaming,0.25174495709859657,0.3150381850007408,0.5187709206069231,2025-01-24,2025-08-09
VID1059,video title 59,channel137,Health,0.012777299052928438,0.19193958708465492,0.9626185083481992,2025-06-17,2025-05-01
VID1060,video title 60,channel24,Technology,0.08482899410388234,0.8749551097081063,0.37118919243951815,2025-09-07,2025-10-01
VID1061,video title 61,channel143,Sports,0.31503133298227587,0.8927806365255039,0.6485137599967931,2025-09-21,2025-07-14
VID1062,video title 62,channel127,Comedy,0.060045691044398594,0.25757861137689514,0.1825980637790383,2025-10-17,2025-02-28
VID1063,video title 63,channel191,Health,0.620011922023457,0.28750128706431305,0.7116714437473693,2025-06-06,2025-08-29
VID1064,video title 64,channel197,Comedy,0.6184162915836822,0.5764717109542357,0.06592371369585696,2025-06-01,2025-05-04
VID1065,video title 65,channel53,Gaming,0.7291781980868105,0.8785915372696155,0.00841835200737608,2025-02-08,2025-09-07
VID1066,video title 66,channel29,Lifestyle,0.006301755776123928,0.16286825735259033,0.6997053576797418,2025-03-31,2025-08-30
VID1067,video title 67,channel67,Technology,0.6271617206208211,0.6269095639551674,0.8264616864765189,2025-04-09,2025-03-20
VID1068,video title 68,channel169,News,0.7081211803164861,0.11509745274276545,0.9605540077368664,2025-09-10,2025-05-11
VID1069,video title 69,channel26,Lifestyle,0.5158236030749739,0.012815393540318389,0.17979194644324628,2025-06-15,2025-10-03
VID1070,video title 70,channel200,Music,0.9496325650050639,0.10622989354408541,0.7549257381090778,2025-01-31,2025-10-07
VID1071,video title 71,channel17,Health,0.09918725713699056,0.6266483840750591,0.02429295864985669,2025-10-06,2025-05-14
VID1072,video title 72,channel181,Education,0.25581560282263044,0.6908710097867115,0.7553867430999579,2025-10-26,2025-09-22
VID1073,video title 73,channel178,Lifestyle,0.47222102234063434,0.2971674539733245,0.8880559619971539,2025-08-03,2025-08-04
VID1074,video title 74,channel81,Education,0.405209968451039,0.05746710765884885,0.9343368543424666,2025-05-27,2025-07-04
VID1075,video title 75,channel4,Education,0.5422003265597729,0.768612205638974,0.8774328035116554,2025-09-20,2025-05-02
VID1076,video title 76,channel170,Gaming,0.6285230895278866,0.37953957000750893,0.09594916918883166,2025-01-01,2025-09-25
VID1077,video title 77,channel26,News,0.10579821402704213,0.0026821164611130783,0.7651279789942074,2025-06-26,2025-02-26
VID1078,video title 78,channel138,Music,0.03968121144152613,0.38408008176939323,0.22719528572287587,2025-07-12,2025-07-21
VID1079,video title 79,channel43,Health,0.287891752688131,0.9223115423927593,0.4077288488905815,2025-02-05,2025-03-28
VID1080,video title 80,channel165,Gaming,0.8610316789499939,0.31881022519230623,0.5584574372131247,2025-01-22,2025-10-05
VID1081,video title 81,channel151,Sports,0.34131161947247757,0.966325374881025,0.5778396905253453,2025-09-29,2025-03-14
VID1082,video title 82,channel141,Lifestyle,0.00012275625770616968,0.6153322635003629,0.2816339620372412,2025-05-06,2025-03-17
VID1083,video title 83,channel177,Comedy,0.5614869218376148,0.3986559281554422,0.4177106091278988,2025-03-07,2025-10-07
VID1084,video title 84,channel27,Sports,0.09982012491403545,0.14646164046078158,0.4117175442464573,2025-07-24,2025-04-24
VID1085,video title 85,channel4,Music,0.8481890840153069,0.2253530323235215,0.7741075544687419,2025-08-31,2025-09-05
VID1086,video title 86,channel90,News,0.005242355208391305,0.47218057575095496,0.9651841013409233,2025-04-15,2025-02-24
VID1087,video title 87,channel103,Sports,0.7615637499766441,0.47307461457132594,0.47244994087109904,2025-01-31,2025-01-06
VID1088,video title 88,channel172,News,0.5312884806210864,0.8728932954622507,0.024753963640736808,2025-10-07,2025-04-07
VID1089,video title 89,channel71,Sports,0.31645960505434323,0.9811674238371845,0.2748191056503177,2025-06-14,2025-10-03
VID1090,video title 90,channel152,Gaming,0.664023757253619,0.3025291755505496,0.7461265558918443,2025-03-25,2025-01-04
VID1091,video title 91,channel93,Comedy,0.27933397396964604,0.08003656518321517,0.39117275660940853,2025-01-01,2025-07-02
VID1092,video title 92,channel7,Technology,0.2929605213062471,0.09726941458036681,0.2686656912068309,2025-09-11,2025-08-19
VID1093,video title 93,channel1,News,0.5056511074282001,0.804135180678716,0.1778477080034475,2025-01-16,2025-10-12
VID1094,video title 94,channel33,Gaming,0.952822620422181,0.45070857599204406,0.13274939367821853,2025-10-02,2025-06-11
VID1095,video title 95,channel22,Travel,0.6035003012651529,0.498720469721969,0.41991541560602114,2025-01-02,2025-09-02
VID1096,video title 96,channel191,Lifestyle,0.6544853348463225,0.7807545587190131,0.19498506744703453,2025-08-28,2025-05-20
VID1097,video title 97,channel106,Health,0.8061628463218227,0.35315035673655737,0.8786554689222505,2025-02-09,2025-05-21
VID1098,video title 98,channel8,Music,0.7508335270444492,0.4526573797128528,0.20837425587781364,2025-01-10,2025-06-11
VID1099,video title 99,channel77,Comedy,0.8925075085241261,0.6030015595452456,0.8041530536569722,2025-05-03,2025-08-13
VID1100,video title 100,channel195,Travel,0.45556253607597463,0.6908835665117167,0.42598865526848534,2025-02-14,2025-10-15
VID1101,video title 101,channel35,Lifestyle,0.7539827976492678,0.6269371887501789,0.9846064420436552,2025-08-09,2025-08-22
VID1102,video title 102,channel194,Lifestyle,0.19328565461532388,0.9089612323672188,0.631436531638973,2025-10-09,2025-10-01
VID1103,video title 103,channel9,Comedy,0.3296218484440393,0.8764694507437347,0.7309534785833116,2025-05-13,2025-01-09
VID1104,video title 104,channel26,Music,0.13266274797617925,0.45850881356528117,0.05073059269206871,2025-03-19,2025-07-20
VID1105,video title 105,channel44,Music,0.3577225841176708,0.444518110564475,0.08408330159748251,2025-01-18,2025-10-28
VID1106,video title 106,channel165,Lifestyle,0.3924342766813539,0.985841036884124,0.8065783407829068,2025-03-21,2025-09-20
VID1107,video title 107,channel21,Comedy,0.793785760796473,0.7418889834828839,0.5816079052334089,2025-03-24,2025-02-21
VID1108,video title 108,channel59,News,0.7144201233469342,0.2388515117041234,0.7678539215489768,2025-05-09,2025-01-11
VID1109,video title 109,channel151,Health,0.09630760829623355,0.04156778245725063,0.5417009079793951,2025-01-31,2025-01-22
VID1110,video title 110,channel27,Technology,0.32697907297126194,0.6271255396252571,0.040648613978473074,2025-03-08,2025-03-07
VID1111,video title 111,channel107,Gaming,0.3179752731527644,0.8610020768823158,0.6936120743220221,2025-06-04,2025-10-18
VID1112,video title 112,channel3,Travel,0.7098054122450471,0.9517244150449655,0.47026517808823237,2025-06-01,2025-08-13
VID1113,video title 113,channel31,Comedy,0.7602144356939032,0.2709339440924376,0.44044015954781424,2025-09-18,2025-01-20
VID1114,video title 114,channel29,Lifestyle,0.0022712921331722565,0.3506791932555319,0.08710989958108677,2025-03-13,2025-05-27
VID1115,video title 115,channel198,Sports,0.4250313872280853,0.6026901527651164,0.16173257701789903,2025-06-12,2025-04-11
VID1116,video title 116,channel122,Comedy,0.3813715470282036,0.4619970717717288,0.4803070694113167,2025-04-16,2025-06-25
VID1117,video title 117,channel148,Gaming,0.6803061392393491,0.24807568189295143,0.7122126235192721,2025-10-08,2025-09-13
VID1118,video title 118,channel30,Health,0.2728520015598684,0.07739211889711772,0.8559259185023351,2025-04-18,2025-03-01
VID1119,video title 119,channel72,Lifestyle,0.9016734430397904,0.3736303752200566,0.2890100418913231,2025-09-26,2025-09-23
VID1120,video title 120,channel46,News,0.6089682788588208,0.6573093951927833,0.9088011865867592,2025-03-04,2025-09-11
VID1121,video title 121,channel45,Sports,0.3578509658667285,0.38426340995446934,0.40085386141789103,2025-03-12,2025-02-12
VID1122,video title 122,channel137,Education,0.9799053430715945,0.7606060377756514,0.8528993205187309,2025-08-11,2025-04-11
VID1123,video title 123,channel120,Health,0.9634716755505899,0.6323265351224154,0.9831232085947366,2025-04-12,2025-08-15
VID1124,video title 124,channel41,Sports,0.2622531740328123,0.7000198396255082,0.661562205608226,2025-08-12,2025-03-20
VID1125,video title 125,channel40,Music,0.6938491078472991,0.9374901115790584,0.840552404241246,2025-02-17,2025-02-01
VID1126,video title 126,channel145,Comedy,0.9824052712461246,0.5410391443345312,0.9333146258844282,2025-09-29,2025-09-18
VID1127,video title 127,channel128,News,0.8037004883931044,0.41464817312207897,0.9034495199534986,2025-08-24,2025-10-14
VID1128,video title 128,channel140,News,0.21374958486887483,0.38078017443802376,0.9102844200356778,2025-05-24,2025-08-21
VID1129,video title 129,channel20,Music,0.36125639723844627,0.23223914031637924,0.9254174099536991,2025-01-11,2025-01-09
VID1130,video title 130,channel75,Lifestyle,0.2575625187976798,0.30559552779682214,0.02128640436150809,2025-02-15,2025-04-01
VID1131,video title 131,channel4,Travel,0.8590432686676405,0.7040857071821955,0.2908540618548436,2025-06-17,2025-05-07
VID1132,video title 132,channel42,Comedy,0.23892988688945085,0.9337331394574991,0.41963480387244195,2025-09-22,2025-02-01
VID1133,video title 133,channel132,Comedy,0.4237142186102103,0.21529509559434745,0.12348920647010483,2025-01-19,2025-02-10
VID1134,video title 134,channel80,Lifestyle,0.3375152164518298,0.54233750970007,0.9756469102643764,2025-02-17,2025-06-01
VID1135,video title 135,channel22,Travel,0.34013428449676864,0.839773677588506,0.41600689503116794,2025-07-12,2025-02-24
VID1136,video title 136,channel17,Comedy,0.26393037409718395,0.17646719053323387,0.6195907077428795,2025-02-15,2025-04-20
VID1137,video title 137,channel152,Education,0.6912957375049298,0.623313317913675,0.6874586598785353,2025-02-14,2025-08-24
VID1138,video title 138,channel128,Education,0.6832894578492982,0.011356302094712865,0.6524222805716462,2025-06-06,2025-10-22
VID1139,video title 139,channel92,Music,0.5366821213647521,0.5833804210521029,0.33296586558697966,2025-07-24,2025-04-02
VID1140,video title 140,channel144,Technology,0.3035645725038439,0.034272325229223015,0.11717544246457277,2025-07-15,2025-03-01
VID1141,video title 141,channel15,Education,0.6310451178470119,0.12648640232249186,0.48040728788759496,2025-04-05,2025-04-07
VID1142,video title 142,channel3,Travel,0.1312746579851941,0.9595522774132141,0.8295684592411458,2025-10-18,2025-03-22
VID1143,video title 143,channel176,Health,0.7934578750148422,0.6265479302750173,0.2696077448838468,2025-05-30,2025-09-25
VID1144,video title 144,channel141,Comedy,0.6824588942333288,0.13700893787685872,0.14409412519292056,2025-02-19,2025-02-27
VID1145,video title 145,channel177,Lifestyle,0.8056601684874841,0.11216671312654919,0.19183820729189635,2025-08-08,2025-10-17
VID1146,video title 146,channel128,Lifestyle,0.7087202951454219,0.4887604754478356,0.9108656871980919,2025-05-31,2025-09-02
VID1147,video title 147,channel45,Lifestyle,0.39015072901345155,0.8339071756660714,0.8354011745605421,2025-08-03,2025-01-06
VID1148,video title 148,channel177,Technology,0.5529992608506185,0.7130587428709193,0.8430979535387144,2025-08-06,2025-05-26
VID1149,video title 149,channel197,Sports,0.8964644389586973,0.9471487444530666,0.6409372431901545,2025-06-29,2025-05-18
VID1150,video title 150,channel187,Comedy,0.17944935681547364,0.054877910962774334,0.3477380689903991,2025-07-07,2025-09-03
VID1151,video title 151,channel42,Health,0.5421420625422037,0.6716893566687511,0.0022048064781223066,2025-04-22,2025-09-08
VID1152,video title 152,channel40,Health,0.9282585106150008,0.29097196585575336,0.6688581106812852,2025-05-17,2025-10-15
VID1153,video title 153,channel182,Gaming,0.7577540868692392,0.8342512299312141,0.3631917580325109,2025-04-05,2025-04-05
VID1154,video title 154,channel10,Gaming,0.5026117348151412,0.022966250034530993,0.93413641738991,2025-06-19,2025-02-07
VID1155,video title 155,channel76,Sports,0.054377003955724965,0.10167431371219485,0.0683490008217915,2025-05-20,2025-07-16
VID1156,video title 156,channel104,Music,0.1136783219480755,0.5102525659667547,0.8917239582289391,2025-05-09,2025-03-04
VID1157,video title 157,channel88,Comedy,0.8693093885633358,0.7331269007742476,0.18802990519332144,2025-02-20,2025-01-15
VID1158,video title 158,channel162,Lifestyle,0.5974601308368741,0.8295198559492507,0.21390631576837507,2025-06-18,2025-05-24
VID1159,video title 159,channel184,Health,0.697189042426853,0.30247894865052877,0.9017658495520234,2025-08-07,2025-09-30
VID1160,video title 160,channel55,Education,0.4674586420907701,0.6520682181756082,0.8351205628269628,2025-04-10,2025-07-13
VID1161,video title 161,channel153,News,0.48880537266569735,0.13109220905440327,0.6496362069311099,2025-02-21,2025-08-13
VID1162,video title 162,channel155,Gaming,0.37566930790182634,0.3797279208825871,0.3933575193922752,2025-01-03,2025-03-10
VID1163,video title 163,channel195,Sports,0.5549720001213498,0.6024591090250204,0.8198673107374076,2025-10-18,2025-05-30
VID1164,video title 164,channel9,Music,0.48197903982104506,0.9246646726587358,0.08975566735483353,2025-10-18,2025-06-05
VID1165,video title 165,channel38,Music,0.4156106983183598,0.4557664248241431,0.13046441241907358,2025-08-28,2025-04-06
VID1166,video title 166,channel6,Education,0.6882127673338967,0.5035347180889669,0.2391613717905033,2025-03-30,2025-10-15
VID1167,video title 167,channel58,Health,0.2729777714736557,0.2517748930794866,0.07839089214487582,2025-05-07,2025-06-12
VID1168,video title 168,channel149,Travel,0.36180508355562396,0.8252154106174643,0.21242308231945642,2025-04-11,2025-01-17
VID1169,video title 169,channel130,Music,0.871381779395151,0.0,0.9872121224268907,2025-09-20,2025-04-01
VID1170,video title 170,channel167,Music,0.7450296272529339,0.1875824035078467,0.6378906015112946,2025-01-24,2025-09-11
VID1171,video title 171,channel22,Travel,0.32968654159458166,0.6092748993578491,0.36162834980256964,2025-07-01,2025-01-13
VID1172,video title 172,channel107,Music,0.8459814804806499,0.41320666109148074,0.22785672766631257,2025-06-18,2025-05-07
VID1173,video title 173,channel123,Lifestyle,0.5660481907716627,0.06786658730816464,0.8770920606923093,2025-05-20,2025-04-30
VID1174,video title 174,channel80,Travel,0.7575845184870722,0.14074833058341055,0.666533042031629,2025-10-14,2025-09-10
VID1175,video title 175,channel47,Technology,0.014481220201219808,0.5036853987890294,0.3977070012627528,2025-06-30,2025-01-23
VID1176,video title 176,channel197,Education,0.10713165638775547,0.6032300919403404,0.6696799021867672,2025-01-14,2025-04-11
VID1177,video title 177,channel50,Health,0.24574295964734597,0.6369624779943394,0.9146138582108998,2025-07-31,2025-10-25
VID1178,video title 178,channel174,News,0.5151276494306298,0.1748549070425648,0.6150808763103566,2025-10-10,2025-05-09
VID1179,video title 179,channel137,Sports,0.23901025105161527,0.09395192783399005,0.8449018861117236,2025-04-05,2025-01-17
VID1180,video title 180,channel18,Travel,0.9160037795265465,0.2613481402234595,0.07410154136016515,2025-03-16,2025-01-18
VID1181,video title 181,channel67,News,0.5683785505640258,0.17346111056698635,0.8180433344691428,2025-04-03,2025-04-18
VID1182,video title 182,channel78,Travel,0.17407339618748396,0.4657691119632942,0.3216211340722776,2025-08-25,2025-07-19
VID1183,video title 183,channel191,Education,0.18556788230186266,0.09426333461411929,0.6935920306267664,2025-10-12,2025-04-08
VID1184,video title 184,channel80,Health,0.5408029946901388,0.022227914604224585,0.7256619430358181,2025-04-11,2025-08-30
VID1185,video title 185,channel125,Education,0.6114388741141609,0.32614586394035056,0.4787837485718867,2025-04-27,2025-10-29
VID1186,video title 186,channel89,Technology,0.8930095836272485,0.09015979688241632,0.8010462808923453,2025-05-06,2025-02-03
VID1187,video title 187,channel95,Comedy,0.7102446023912757,0.03579420029985459,0.009079793950812771,2025-07-18,2025-03-16
VID1188,video title 188,channel16,Education,0.11771963475291938,0.730299126303074,0.24549517949129102,2025-09-13,2025-10-06
VID1189,video title 189,channel187,Travel,0.024884762814216338,0.36624450957199145,0.016495961195405986,2025-05-18,2025-05-25
VID1190,video title 190,channel162,Lifestyle,0.3711136644591301,0.7496716416411137,0.5630273997314145,2025-07-31,2025-04-24
VID1191,video title 191,channel8,Gaming,0.6932429611541739,0.9037627482150615,0.8051351947244995,2025-03-25,2025-05-03
VID1192,video title 192,channel167,Lifestyle,0.3278697087984493,0.9050309774405878,0.8672105189312702,2025-10-06,2025-03-05
VID1193,video title 193,channel92,Technology,0.22388430935943132,0.7284156175522924,0.0020645006113327053,2025-05-07,2025-05-09
VID1194,video title 194,channel91,Lifestyle,0.8916261145755877,0.6135793446896354,0.8469663867230564,2025-08-29,2025-06-25
VID1195,video title 195,channel22,Music,0.1926734806100363,0.6666440645616573,0.8998817421979917,2025-05-30,2025-06-17
VID1196,video title 196,channel12,Education,0.1930759041520747,0.343428940237523,0.8823435088492915,2025-09-12,2025-02-01
VID1197,video title 197,channel109,News,0.24240443144063006,0.2222163624172198,0.8183439898979776,2025-06-22,2025-05-25
VID1198,video title 198,channel18,Comedy,0.9731625889555933,0.7039274924471298,0.3809705157242789,2025-04-17,2025-09-26
VID1199,video title 199,channel120,Music,0.7914226526080279,0.7567762366490621,0.6232587039746648,2025-07-07,2025-10-18
VID1200,video title 200,channel81,Health,0.4224906742412568,0.8483750342170756,0.3724920326311359,2025-04-07,2025-10-28
VID1201,video title 201,channel40,Sports,0.23031243778055882,0.34118379780659125,0.9121284399991983,2025-06-25,2025-05-22
VID1202,video title 202,channel38,Education,0.3653449239885618,0.6289814235810273,0.1212042252109599,2025-06-24,2025-08-30
VID1203,video title 203,channel60,Lifestyle,0.8416524639752574,0.7976810240260376,0.2969072578220521,2025-05-20,2025-01-14
VID1204,video title 204,channel6,Music,0.052724917692029666,0.02395069727493954,0.36491551582449744,2025-05-23,2025-05-16
VID1205,video title 205,channel178,Music,0.482616327627009,0.8481917060319994,0.1938826642079734,2025-04-02,2025-03-06
VID1206,video title 206,channel98,News,0.2506817392331611,0.07776128661227094,0.9172596259846466,2025-06-11,2025-05-28
VID1207,video title 207,channel14,Sports,0.2243717180029586,0.02223293729422667,0.2517488124110561,2025-04-14,2025-02-25
VID1208,video title 208,channel37,Music,0.9844232153580734,0.48382568252078767,0.9994387765328416,2025-06-23,2025-01-25
VID1209,video title 209,channel196,Gaming,0.8407035641305008,0.193192748240175,0.4810085987452647,2025-07-08,2025-06-10
VID1210,video title 210,channel171,Education,0.04523859416560201,0.7819047547294904,0.5601411076145999,2025-10-11,2025-04-14
VID1211,video title 211,channel136,Education,0.0,0.4512786513072806,0.9682708304102945,2025-10-17,2025-08-25
VID1212,video title 212,channel198,Comedy,0.5270613256912372,0.07648301200674044,0.40021246316971,2025-02-24,2025-07-30
VID1213,video title 213,channel107,Gaming,0.597991337948781,0.49263799212944476,0.8762502254915717,2025-01-28,2025-01-18
VID1214,video title 214,channel48,Gaming,0.48897474013745884,0.5581765626216432,0.8487703192960655,2025-03-05,2025-03-02
VID1215,video title 215,channel152,Music,0.41517934367794224,0.4355375408407481,0.18446212743781445,2025-06-13,2025-03-17
VID1216,video title 216,channel50,Technology,0.9953649969471663,0.9563201763968728,0.8475877412759817,2025-03-27,2025-06-26
VID1217,video title 217,channel62,Sports,0.45641821349262046,0.03600515327994214,0.6403559760277405,2025-07-08,2025-04-09
VID1218,video title 218,channel112,News,0.41692666147380236,0.43443506038529056,0.6155619249964924,2025-05-15,2025-02-04
VID1219,video title 219,channel191,Education,0.045580744586017075,0.03882539371611254,0.9200657433204386,2025-10-27,2025-03-12
VID1220,video title 220,channel103,Education,0.6226000498659625,0.5643193124941924,0.17079232727345614,2025-04-23,2025-04-22
VID1221,video title 221,channel52,Lifestyle,0.6537317199156256,0.20809004678635737,0.13413240865085888,2025-07-04,2025-02-24
VID1222,video title 222,channel61,Travel,0.5353066887293079,0.6877268058454066,0.5329418131526729,2025-07-06,2025-03-03
VID1223,video title 223,channel107,Gaming,0.19765726412666357,0.30515101973163766,0.9050730592692069,2025-07-13,2025-06-12
VID1224,video title 224,channel31,Gaming,0.361545105491022,0.6706496598383196,0.5781603896494358,2025-08-20,2025-03-31
VID1225,video title 225,channel15,Gaming,0.6718339483535692,0.41075558837046355,0.9233929967328778,2025-07-27,2025-08-08
VID1226,video title 226,channel152,Technology,0.6165393865763319,0.9840253344483705,0.8889178408931471,2025-10-14,2025-06-04
VID1227,video title 227,channel80,Music,0.965333311367129,0.7247314744357635,0.7827664308191858,2025-04-30,2025-08-29
VID1228,video title 228,channel176,Comedy,0.6025690815360725,0.6328187587426197,0.49443787456655514,2025-04-27,2025-01-06
VID1229,video title 229,channel94,Gaming,0.23035302168245186,0.11671224757843558,0.13343087931691086,2025-05-31,2025-02-07
VID1230,video title 230,channel163,Health,0.8982258204829363,0.19562875289118592,0.3527690364995691,2025-03-21,2025-09-04
VID1231,video title 231,channel36,Lifestyle,0.5786531086967484,0.8123372334521199,0.849151149505923,2025-02-21,2025-04-03
VID1232,video title 232,channel57,Education,0.700116106123287,0.8859020625676493,0.09803371349542002,2025-07-29,2025-09-28
VID1233,video title 233,channel65,Sports,0.7420209939319029,0.6697380416029413,0.5395562325870398,2025-06-09,2025-10-16
VID1234,video title 234,channel149,News,0.9750298502634839,0.4238823886909112,0.879156561303642,2025-07-09,2025-06-29
VID1235,video title 235,channel178,News,0.6710429640874659,0.9933022428822204,0.21747409352388208,2025-09-02,2025-02-22
VID1236,video title 236,channel167,Sports,0.8200823210295131,0.7672184091633956,0.8859513739953099,2025-02-25,2025-08-16
VID1237,video title 237,channel193,Lifestyle,0.19266062234409,0.8198737798002476,0.29700747629833035,2025-03-04,2025-02-20
VID1238,video title 238,channel1,Lifestyle,0.059185995419644574,0.4214011798298815,0.09630995570343348,2025-04-21,2025-05-07
VID1239,video title 239,channel160,Technology,0.023873379833376965,0.40205126659685125,0.019021466797618812,2025-06-15,2025-09-11
VID1240,video title 240,channel46,Health,0.057131887434721695,0.47315748895636034,0.17961155318594538,2025-06-02,2025-04-21
VID1241,video title 241,channel169,Sports,0.7324243075070374,0.7154294525519032,0.6244813693852599,2025-01-17,2025-07-20
VID1242,video title 242,channel63,Lifestyle,0.2784784974634057,0.7240760133904914,0.6603595838928865,2025-10-16,2025-01-30
VID1243,video title 243,channel103,Travel,0.4168925067048825,0.4986777768569513,0.7333386783187349,2025-04-10,2025-03-27
VID1244,video title 244,channel51,Technology,0.024288058910145433,0.3231272272490978,0.008117696578541219,2025-10-06,2025-04-07
VID1245,video title 245,channel160,Comedy,0.2695000123559899,0.6062838874616078,0.7546651700707543,2025-01-11,2025-04-12
VID1246,video title 246,channel113,Comedy,0.012698743084412708,0.8162850677937582,0.7557274859193042,2025-07-28,2025-03-12
VID1247,video title 247,channel148,Lifestyle,0.757873226739648,0.7281117448071663,0.8342185965404583,2025-01-17,2025-05-22
VID1248,video title 248,channel171,Lifestyle,0.9563835564476869,0.4548347158287564,0.1553586819266,2025-02-26,2025-03-24
VID1249,video title 249,channel117,Sports,0.5285647382549283,0.7383203622364028,0.44208374255877814,2025-05-31,2025-09-02
VID1250,video title 250,channel195,Music,0.29732529986380285,0.7717338074752694,0.6825880419314105,2025-02-25,2025-05-23
VID1251,video title 251,channel191,Technology,0.235603614217465,0.8887323483838239,0.7757110500891945,2025-01-10,2025-07-08
VID1252,video title 252,channel52,Lifestyle,0.8569063855956882,0.7837154344752418,0.7295103325249044,2025-09-09,2025-01-30
VID1253,video title 253,channel179,Education,0.649860176403354,0.3938316344084401,0.9404301377001865,2025-04-25,2025-03-23
VID1254,video title 254,channel167,Music,0.6825712031499536,0.9201693651068702,0.15670160950872902,2025-10-13,2025-05-05
VID1255,video title 255,channel185,News,0.10941982499498226,0.07566933622640278,0.9888957928283659,2025-03-25,2025-01-11
VID1256,video title 256,channel118,News,0.7815362533785595,0.9986815438744528,0.7573109378445011,2025-06-03,2025-02-23
VID1257,video title 257,channel3,Travel,0.7870677186603373,0.5251197283729246,0.8094846765949771,2025-04-05,2025-06-07
VID1258,video title 258,channel52,Lifestyle,0.21225541418383262,0.43023609154354797,0.38467859934657556,2025-04-18,2025-02-24
VID1259,video title 259,channel82,Sports,0.17430765772019327,0.9294362281607159,0.36744102142671026,2025-04-18,2025-09-19
VID1260,video title 260,channel113,News,0.35450761581028273,0.4578809773150206,0.7852919364213987,2025-10-06,2025-05-28
VID1261,video title 261,channel194,Gaming,0.4137468524873612,0.9327486922170907,0.5035577559078792,2025-10-28,2025-10-29
VID1262,video title 262,channel50,Sports,0.08722525250922028,0.8304540762896384,0.3896895231604899,2025-08-09,2025-01-08
VID1263,video title 263,channel55,Lifestyle,0.2720696564411976,0.8020432302928479,0.3000340742819346,2025-10-06,2025-03-07
VID1264,video title 264,channel130,Gaming,0.2400622179343477,0.5245823005427016,0.5359082800505102,2025-08-14,2025-01-19
VID1265,video title 265,channel159,Comedy,0.7177381586922982,0.37997905538269133,0.6324587600970115,2025-08-23,2025-09-22
VID1266,video title 266,channel95,Lifestyle,0.9270813765496972,0.2181002679605116,0.0664248060772484,2025-01-23,2025-08-22
VID1267,video title 267,channel21,Gaming,0.45657251268397614,0.5996715160738636,0.752520494678399,2025-03-19,2025-05-04
VID1268,video title 268,channel103,Travel,0.3084404671327654,0.36935104333828067,0.11318674710869696,2025-02-06,2025-04-13
VID1269,video title 269,channel60,Gaming,0.5750566115294846,0.7652319352675712,0.15842536730071557,2025-03-02,2025-05-17
VID1270,video title 270,channel43,Health,0.3013181932609426,0.11411551684735793,0.511936020524744,2025-06-12,2025-07-12
VID1271,video title 271,channel90,Gaming,0.5086601425700418,0.8111116970916112,0.7115712252710911,2025-01-21,2025-09-29
VID1272,video title 272,channel120,Comedy,0.580163151303818,0.9649843166504685,0.9690324908300095,2025-09-23,2025-10-09
VID1273,video title 273,channel194,News,0.15960965519153492,0.8494775146725331,0.14898478683530095,2025-06-06,2025-05-09
VID1274,video title 274,channel121,Sports,0.33875945459254064,0.054066746527437703,0.8224529474253874,2025-05-23,2025-02-01
VID1275,video title 275,channel44,Comedy,0.9916099814700332,0.8171841293041313,0.8502535527449842,2025-06-11,2025-11-01
VID1276,video title 276,channel118,Education,0.5238801103319581,0.2715241101676825,0.17712613497424387,2025-03-19,2025-05-07
VID1277,video title 277,channel35,Health,0.8998053780902782,0.06395140045153982,0.7993425667956144,2025-01-18,2025-04-14
VID1278,video title 278,channel56,Technology,0.8799279053101222,0.7755560745668557,0.42606883004950796,2025-10-15,2025-01-28
VID1279,video title 279,channel5,Music,0.6828500667926642,0.8595078266066957,0.5959992784269709,2025-10-09,2025-09-23
VID1280,video title 280,channel173,Gaming,0.7931197428025353,0.4924320618393593,0.6787797398328356,2025-01-27,2025-06-30
VID1281,video title 281,channel45,Gaming,0.6792318713016161,0.19467193044578884,0.6349241346134574,2025-05-13,2025-01-22
VID1282,video title 282,channel40,Travel,0.4119087231882552,0.37688507834140733,0.3962037241185785,2025-10-23,2025-02-05
VID1283,video title 283,channel175,Health,0.31145713687001275,0.18778079976292902,0.3234851977310537,2025-08-01,2025-08-15
VID1284,video title 284,channel58,Lifestyle,0.44484356412648274,0.6144859402350116,0.15636086668938287,2025-02-04,2025-09-16
VID1285,video title 285,channel38,Health,0.6569348345090944,0.25310841727503997,0.23623499228317735,2025-09-26,2025-02-15
VID1286,video title 286,channel67,Health,0.40715598663785074,0.0056655943223512225,0.25675973622497045,2025-03-28,2025-10-01
VID1287,video title 287,channel64,Music,0.8522068903027177,0.3001835793195762,0.45330821190194626,2025-08-25,2025-02-23
VID1288,video title 288,channel140,Technology,0.66251893831709,0.9638064958449797,0.6380509510733399,2025-07-15,2025-09-01
VID1289,video title 289,channel15,Technology,0.6569386518067972,0.7209996157642148,0.9135715860576057,2025-01-29,2025-05-30
VID1290,video title 290,channel114,Comedy,0.8249881513088408,0.11964549853965288,0.28678519171794514,2025-07-15,2025-03-17
VID1291,video title 291,channel193,Technology,0.9888305869215763,0.513125544647947,0.1718947305125173,2025-03-08,2025-04-29
VID1292,video title 292,channel142,Travel,0.6924274658186104,0.4315068321140753,0.47559680102623725,2025-01-20,2025-01-16
VID1293,video title 293,channel6,Technology,0.14881333273595973,0.5132787366930106,0.5502996532440722,2025-10-28,2025-08-28
VID1294,video title 294,channel114,Sports,0.431473780287997,0.9187077623162636,0.13030406285702834,2025-02-24,2025-08-02
VID1295,video title 295,channel21,News,0.7401483080430663,0.5586813429668527,0.6961977110100018,2025-05-06,2025-01-24
VID1296,video title 296,channel76,Comedy,0.9822117945257137,0.9999999999999999,0.6241606702611694,2025-06-29,2025-02-24
VID1297,video title 297,channel189,News,0.6664081619450377,0.007355729508052629,0.5259866508989598,2025-09-12,2025-02-21
VID1298,video title 298,channel9,Technology,0.10138963700110681,0.41634584234278355,0.14345272694473954,2025-05-13,2025-04-05
VID1299,video title 299,channel25,Gaming,0.5086681789862583,0.04236387882258101,0.7533623298791365,2025-08-22,2025-03-07
VID1300,video title 300,channel165,Health,0.17178442393863552,0.13009018239898743,0.8015072858832255,2025-08-30,2025-02-27
VID1301,video title 301,channel154,Comedy,0.6641207969794325,0.6362090744940267,0.9874326030747029,2025-08-24,2025-08-16
VID1302,video title 302,channel155,News,0.3665063870422432,0.004234127671757164,0.4520454591008399,2025-07-30,2025-03-11
VID1303,video title 303,channel141,Music,0.9082100630798399,0.3848108831646965,0.7164618869134715,2025-03-29,2025-05-06
VID1304,video title 304,channel2,Lifestyle,0.542674475116543,0.9175550549607853,0.3484195546290914,2025-04-23,2025-05-24
VID1305,video title 305,channel146,Sports,0.8311050695119865,0.48323802779054376,0.20420516726463692,2025-04-22,2025-10-04
VID1306,video title 306,channel184,Lifestyle,0.3816309223615893,0.4794082266639544,0.16077047964562746,2025-03-30,2025-01-15
VID1307,video title 307,channel120,Lifestyle,0.49164182576929094,0.34315018094240735,0.1508488504940771,2025-08-17,2025-10-16
VID1308,video title 308,channel93,Travel,0.46707148773954293,0.5244692900176547,0.9745244633300596,2025-02-06,2025-05-20
VID1309,video title 309,channel13,Health,0.4489332963390307,0.8256825207876581,0.2515884628490109,2025-06-08,2025-06-19
VID1310,video title 310,channel159,Comedy,0.19896860634278168,0.8446783343755414,0.030466416788599147,2025-01-28,2025-06-24
VID1311,video title 311,channel150,Comedy,0.05959846448195352,0.10912296298528602,0.30989557234771803,2025-08-30,2025-06-25
VID1312,video title 312,channel59,Music,0.8196180170826081,0.5964293696775181,0.8874947385299955,2025-02-02,2025-06-11
VID1313,video title 313,channel78,Music,0.7762792317105732,0.7369240544158234,0.4849171193201179,2025-10-10,2025-07-20
VID1314,video title 314,channel165,Education,0.08703900856340421,0.15654720198496708,0.23689643422661402,2025-04-19,2025-01-08
VID1315,video title 315,channel16,Sports,0.6409208688249934,0.2884932683397247,0.5052614700046101,2025-09-28,2025-03-27
VID1316,video title 316,channel56,Sports,0.630432341110508,0.6051537822111388,0.7916457878174421,2025-10-16,2025-09-23
VID1317,video title 317,channel37,Sports,0.04379967384204786,0.5616397073780804,0.4590607524403199,2025-10-15,2025-06-28
VID1318,video title 318,channel111,Travel,0.9302786647414091,0.06535524230712243,0.06706620432542944,2025-02-23,2025-03-07
VID1319,video title 319,channel112,Health,0.9681956819130205,0.07926307092289417,0.03349301477220341,2025-02-03,2025-06-08
VID1320,video title 320,channel199,Education,0.03514164083126278,0.8553490392849697,0.3139844861798721,2025-02-04,2025-06-18
VID1321,video title 321,channel100,Music,0.5802085570554409,0.2585931947573162,0.08636828285662745,2025-02-01,2025-01-16
VID1322,video title 322,channel68,Music,0.1653396199538589,0.7949511920099047,0.7687759315307371,2025-02-23,2025-04-23
VID1323,video title 323,channel16,Music,0.2581298897825607,0.5208730439761623,0.7422380790122467,2025-05-03,2025-02-02
VID1324,video title 324,channel25,Technology,0.6171812953216204,0.18805202502304158,0.5129782926780382,2025-09-01,2025-08-29
VID1325,video title 325,channel132,News,0.1950359860672652,0.9852006439088582,0.7036740093403621,2025-03-21,2025-01-06
VID1326,video title 326,channel79,Sports,0.518672512623703,0.8110840722965998,0.9590707742879477,2025-01-11,2025-08-17
VID1327,video title 327,channel131,Lifestyle,0.7251278443137231,0.8894807291941345,0.19348179030286025,2025-09-25,2025-03-29
VID1328,video title 328,channel32,Travel,0.9085614553789039,0.5952992644270492,0.747549658254996,2025-01-01,2025-03-06
VID1329,video title 329,channel110,Technology,0.8392499773473517,0.8156044932984758,0.14255076065823497,2025-09-01,2025-06-07
VID1330,video title 330,channel164,Education,0.4822139040849706,0.8804524439153877,0.9675693010763465,2025-01-26,2025-01-28
VID1331,video title 331,channel174,News,0.4719566242471134,0.6654285735811528,0.013569581688080014,2025-05-08,2025-01-27
VID1332,video title 332,channel122,News,0.14208464234833726,0.9623800518843877,0.4396985428233549,2025-06-08,2025-10-23
VID1333,video title 333,channel130,Gaming,0.8367207162536316,0.925149362243937,0.3354713274939368,2025-04-13,2025-03-21
VID1334,video title 334,channel166,Education,0.2418993426814266,0.9986740098394497,0.43091940430137704,2025-04-25,2025-10-28
VID1335,video title 335,channel90,Sports,0.21437562169213573,0.36346445065583777,0.4360505902868253,2025-01-29,2025-07-11
VID1336,video title 336,channel47,Education,0.7477005301824687,0.2698992699520082,0.9393277344611253,2025-09-23,2025-04-02
VID1337,video title 337,channel24,News,0.9439100339277401,0.6119319023689517,0.2904932753402417,2025-06-01,2025-08-30
VID1338,video title 338,channel169,Education,0.9082602906811926,0.12083085338014479,0.7850714557735865,2025-02-07,2025-09-18
VID1339,video title 339,channel164,News,0.2265656596300476,0.10412036374320995,0.0012226654105950972,2025-10-04,2025-07-26
VID1340,video title 340,channel27,Music,0.3024256114155685,0.3836280396692056,0.22190375017538233,2025-07-09,2025-04-11
VID1341,video title 341,channel74,Technology,0.1949291017315865,0.07774872988726572,0.6287105890842036,2025-02-05,2025-07-28
VID1342,video title 342,channel120,Education,0.8208654697898055,0.20872290572662,0.45613437293299397,2025-08-08,2025-06-25
VID1343,video title 343,channel34,Travel,0.4786449316432482,0.41803346618348386,0.010262371970896555,2025-04-05,2025-09-07
VID1344,video title 344,channel172,News,0.8162145948149443,0.4984291537018481,0.19733017979194645,2025-06-02,2025-10-27
VID1345,video title 345,channel104,Health,0.5323008681539527,0.8536136998892496,0.09713174720891543,2025-10-06,2025-03-04
VID1346,video title 346,channel55,Sports,0.11501517978568084,0.9306190716562068,0.1825178889980157,2025-05-22,2025-02-28
VID1347,video title 347,channel57,Travel,0.916469288935884,0.9214978666124215,0.41893327453849394,2025-02-25,2025-05-01
VID1348,video title 348,channel188,Comedy,0.7314356274020094,0.6732664813294055,0.5634282736365277,2025-01-31,2025-06-10
VID1349,video title 349,channel40,Health,0.10759555851384965,0.6711795536335394,0.8605159247158807,2025-04-17,2025-01-03
VID1350,video title 350,channel145,Health,0.3023824156784051,0.19757504526699365,0.18444208374255877,2025-03-18,2025-04-05
VID1351,video title 351,channel159,Travel,0.5343557797804973,0.6357670777738432,0.7754304383556153,2025-05-27,2025-01-20
VID1352,video title 352,channel182,Sports,0.018345932759707338,0.796043627085358,0.6302539536188893,2025-10-27,2025-05-20
VID1353,video title 353,channel114,Health,0.2799021485961486,0.9995429352098103,0.48245174480367203,2025-03-12,2025-01-16
VID1354,video title 354,channel189,Technology,0.9043586106081095,0.04395104886323969,0.5552704896674752,2025-04-27,2025-09-17
VID1355,video title 355,channel183,Sports,0.92337076227216,0.161838605902163,0.12487222144274518,2025-02-24,2025-03-18
VID1356,video title 356,channel46,Gaming,0.2393785198247338,0.017755209157368414,0.08318133531097793,2025-09-08,2025-09-01
VID1357,video title 357,channel45,Gaming,0.787444827491294,0.5129597958778782,0.6832895712653585,2025-10-18,2025-09-28
VID1358,video title 358,channel96,Health,0.7650563764643102,0.3235139743792583,0.2982301417089255,2025-04-16,2025-04-15
VID1359,video title 359,channel46,Gaming,0.9341301172131395,0.138573505812508,0.3689643422661402,2025-10-09,2025-04-13
VID1360,video title 360,channel165,Gaming,0.016874665860881998,0.6744618815499016,0.539195446072438,2025-05-20,2025-09-03
VID1361,video title 361,channel77,Music,0.9588035222808634,0.5272694396938168,0.11885911286604799,2025-06-08,2025-01-02
VID1362,video title 362,channel108,Sports,0.20443939668212538,0.9272664260798155,0.9756869976548878,2025-02-10,2025-07-27
VID1363,video title 363,channel187,Gaming,0.0065520901412661325,0.8829286300864153,0.7659497704996894,2025-08-15,2025-07-28
VID1364,video title 364,channel182,Travel,0.01533006666408162,0.48368253585572824,0.007356036158826241,2025-03-26,2025-01-21
VID1365,video title 365,channel138,Technology,0.9230173608690418,0.40523314071317174,0.2417470084784831,2025-01-27,2025-03-08
VID1366,video title 366,channel173,Travel,0.4280466505924948,0.7944765478047077,0.791826181074743,2025-04-21,2025-09-05
VID1367,video title 367,channel70,Travel,0.24417806849959908,0.5842970619774832,0.9591309053737147,2025-03-04,2025-05-10
VID1368,video title 368,channel116,Sports,0.7437470152247895,0.48638223173184864,0.6007496342025617,2025-01-12,2025-10-20
VID1369,video title 369,channel168,Sports,0.3071118466217819,0.923250785423149,0.19550620352368164,2025-01-12,2025-09-07
VID1370,video title 370,channel92,Music,0.8799871738797185,0.11279203803180869,0.6151610510913792,2025-08-21,2025-09-01
VID1371,video title 371,channel146,Gaming,0.4371452801223464,0.990542274726075,0.5994067066204326,2025-03-13,2025-09-05
VID1372,video title 372,channel114,Comedy,0.7288137466113948,0.3702576388836569,0.9752460363592632,2025-10-01,2025-03-21
VID1373,video title 373,channel180,Lifestyle,0.21658322522679269,0.1405424002933251,0.01942234070273196,2025-06-13,2025-04-23
VID1374,video title 374,channel70,Health,0.9224244742626738,0.8016489491276843,0.36104708264015556,2025-06-18,2025-09-30
VID1375,video title 375,channel163,Comedy,0.456018200875447,0.4939238007699784,0.49147140766871783,2025-09-11,2025-02-15
VID1376,video title 376,channel188,Technology,0.5669538948792557,0.4606635475761754,0.7930087590948268,2025-08-13,2025-06-19
VID1377,video title 377,channel159,Technology,0.5191004517872285,0.6566313320425019,0.3426469703954621,2025-03-04,2025-02-10
VID1378,video title 378,channel149,Technology,0.5815890124510205,0.6000431951340178,0.7071014812290795,2025-02-07,2025-03-18
VID1379,video title 379,channel56,Comedy,0.8304054994803451,0.32226081322373823,0.2710709346375098,2025-04-02,2025-07-03
VID1380,video title 380,channel61,Technology,0.5933577412687853,0.18446080167155124,0.572006975205949,2025-05-16,2025-08-03
VID1381,video title 381,channel38,Sports,0.5354439105362037,0.749628948776096,0.3966847728047143,2025-09-16,2025-03-20
VID1382,video title 382,channel17,Technology,0.6730110824188728,0.5729030897077547,0.5972620312280772,2025-01-27,2025-06-26
VID1383,video title 383,channel132,Lifestyle,0.4444931763794458,0.3318340603677111,0.05381732176143994,2025-08-07,2025-10-17
VID1384,video title 384,channel185,Travel,0.8396803274357423,0.29874206728897795,0.42550760658234954,2025-03-30,2025-01-14
VID1385,video title 385,channel178,Health,0.5092598601301939,0.41211673736102844,0.7927281473612475,2025-06-17,2025-08-20
VID1386,video title 386,channel195,Gaming,0.7759561677786722,0.4733634192464458,0.2166122146278888,2025-06-29,2025-08-07
VID1387,video title 387,channel20,Comedy,0.3270960028272112,0.3672691383324167,0.06273676615020746,2025-06-20,2025-05-13
VID1388,video title 388,channel28,Sports,0.4149484976221249,0.900764202283817,0.14092722134252672,2025-04-14,2025-06-18
VID1389,video title 389,channel49,Technology,0.11567697866110493,0.15357628084873415,0.4462929185624662,2025-08-10,2025-10-30
VID1390,video title 390,channel60,News,0.3567758942873738,0.9961475967684011,0.16349642220039687,2025-05-07,2025-03-23
VID1391,video title 391,channel43,Travel,0.1734503730203042,0.5948447109818605,0.10671263354111964,2025-06-20,2025-01-12
VID1392,video title 392,channel9,Sports,0.07920229728993963,0.08119429522869563,0.8670902567597363,2025-08-04,2025-10-30
VID1393,video title 393,channel44,Comedy,0.4167345911262294,0.29678321818816505,0.10025856366879798,2025-10-13,2025-08-25
VID1394,video title 394,channel162,Lifestyle,0.910177779590436,0.37612162946109046,0.1618327954941773,2025-02-14,2025-01-15
VID1395,video title 395,channel97,Sports,0.03692170702320495,0.9526385446253449,0.7349622176344431,2025-07-29,2025-06-17
VID1396,video title 396,channel78,Music,0.5493362623391637,0.9056010527558244,0.788017878976168,2025-01-08,2025-03-06
VID1397,video title 397,channel96,Comedy,0.19606183459729418,0.39089587210222176,0.24533482992924577,2025-07-31,2025-06-16
VID1398,video title 398,channel130,Gaming,0.684445697232439,0.26529848591009886,0.31797318153574794,2025-06-18,2025-04-25
VID1399,video title 399,channel141,Lifestyle,0.5761045602041088,0.4062552581285959,0.26369485478342786,2025-08-27,2025-07-22
VID1400,video title 400,channel91,Travel,0.30246619531746155,0.8291657563041037,0.7503357318955323,2025-05-22,2025-05-14
VID1401,video title 401,channel190,Travel,0.9678103357554421,0.8375084443975659,0.5292938606161433,2025-09-25,2025-02-10
VID1402,video title 402,channel20,Gaming,0.9423869321443187,0.7918572149686207,0.9818804994888858,2025-03-25,2025-01-24
VID1403,video title 403,channel73,Travel,0.010608270316110422,0.07039048903421205,0.7706800825800245,2025-01-15,2025-09-05
VID1404,video title 404,channel165,News,0.6181920755712434,0.888207477278606,0.3946002284981259,2025-03-19,2025-09-24
VID1405,video title 405,channel128,Music,0.17872266387910177,0.9457524366324872,0.5533062075324207,2025-02-06,2025-02-17
VID1406,video title 406,channel111,Health,0.752161343913811,0.10273158995763361,0.6685975426429617,2025-04-28,2025-03-08
VID1407,video title 407,channel22,Health,0.4629232905990204,0.5199312896007714,0.8918041330099618,2025-10-14,2025-03-19
VID1408,video title 408,channel124,Lifestyle,0.08137795607013622,0.06393130969153149,0.7439417931089776,2025-04-07,2025-03-01
VID1409,video title 409,channel130,Lifestyle,0.6884827909187692,0.5009982596379142,0.8761700507105491,2025-05-29,2025-03-17
VID1410,video title 410,channel181,Sports,0.8605358320694394,0.16800646922472268,0.0614940570443567,2025-01-03,2025-04-20
VID1411,video title 411,channel152,News,0.5431765502196653,0.5285502256443483,0.6339820809364415,2025-07-23,2025-07-20
VID1412,video title 412,channel50,Travel,0.9631703099424732,0.6566413774225061,0.19408310116052996,2025-05-01,2025-02-06
VID1413,video title 413,channel78,Music,0.6085501843051603,0.8527196610688786,0.9331342326271272,2025-03-10,2025-03-26
VID1414,video title 414,channel165,Health,0.9692894381600785,0.24158636641025835,0.53544727505963,2025-02-25,2025-07-31
VID1415,video title 415,channel98,Education,0.5982999363314925,0.27183049425780964,0.7739672486019523,2025-08-06,2025-04-16
VID1416,video title 416,channel15,Travel,0.7151922220349289,0.938004937304272,0.9307690765869596,2025-07-30,2025-07-24
VID1417,video title 417,channel88,Health,0.22449206333579982,0.574942301848601,0.004149044917921068,2025-10-15,2025-01-20
VID1418,video title 418,channel66,Health,0.6576544955812769,0.9226380172428947,0.642841394239442,2025-10-07,2025-05-28
VID1419,video title 419,channel104,Travel,0.47952311102530004,0.8659393811543648,0.4986670942654988,2025-03-18,2025-07-29
VID1420,video title 420,channel29,News,0.6958156188954628,0.05101797369617246,0.10763464352287988,2025-01-22,2025-10-14
VID1421,video title 421,channel162,Gaming,0.3064026328906808,0.06723875105790408,0.52889298671103,2025-10-02,2025-03-19
VID1422,video title 422,channel198,Technology,0.5317067760851522,0.970074812967581,0.2687258222925979,2025-08-18,2025-03-20
VID1423,video title 423,channel101,Technology,0.11144439915030971,0.7996574525418578,0.7084043214206972,2025-05-25,2025-10-27
VID1424,video title 424,channel119,Lifestyle,0.7978879494541564,0.8515142154683784,0.9966927902828167,2025-07-01,2025-01-09
VID1425,video title 425,channel161,Education,0.24893924328703082,0.4672985210689289,0.08520574853179932,2025-07-21,2025-02-20
VID1426,video title 426,channel157,Education,0.45633302748072613,0.7256933195711627,0.39796756930107635,2025-03-02,2025-03-06
VID1427,video title 427,channel117,Travel,0.3361010081081412,0.9003021148036253,0.8827644264496604,2025-10-08,2025-05-17
VID1428,video title 428,channel126,Gaming,0.8415013793503883,0.03484993457946273,0.5316189292657995,2025-08-16,2025-01-19
VID1429,video title 429,channel56,Music,0.7644546498001041,0.5022890909684499,0.9313102563588623,2025-08-04,2025-03-22
VID1430,video title 430,channel96,News,0.639578586406442,0.20319794672432714,0.548195065242228,2025-08-06,2025-05-07
VID1431,video title 431,channel184,Comedy,0.688075545527001,0.47272302627118007,0.6515804453709086,2025-04-27,2025-03-02
VID1432,video title 432,channel14,Technology,0.998520696684958,0.6901778785664238,0.06686576737287286,2025-07-13,2025-06-12
VID1433,video title 433,channel106,Technology,0.3649955407935519,0.8865072967129005,0.6845122366759536,2025-07-03,2025-03-11
VID1434,video title 434,channel1,Travel,0.6795008903344615,0.05652284193845698,0.7220139904992885,2025-09-17,2025-09-19
VID1435,video title 435,channel183,Health,0.7930241094495597,0.4541692094034802,0.6628650457998437,2025-09-12,2025-07-07
VID1436,video title 436,channel56,Lifestyle,0.6655954793551498,0.19056839271408588,0.9021466797618809,2025-10-07,2025-01-10
VID1437,video title 437,channel143,Travel,0.6719755901893841,0.9014020839140818,0.3672004970836424,2025-02-08,2025-02-03
VID1438,video title 438,channel38,Music,0.8786965254353577,0.3314297338225433,0.692970676073841,2025-05-22,2025-06-04
VID1439,video title 439,channel118,Travel,0.9641411090214196,0.26821918014631096,0.8031508688941894,2025-02-08,2025-09-02
VID1440,video title 440,channel98,Gaming,0.3336707958442888,0.17194425818635686,0.729289851877092,2025-01-10,2025-04-09
VID1441,video title 441,channel68,Lifestyle,0.10842029572806214,0.7508695532066108,0.8920446573530296,2025-08-21,2025-07-11
VID1442,video title 442,channel152,Travel,0.6643142736998434,0.695017240383432,0.35170672065101927,2025-05-03,2025-04-11
VID1443,video title 443,channel191,Music,0.04591887679832392,0.05139718679132983,0.27297508568679724,2025-07-12,2025-04-11
VID1444,video title 444,channel23,Music,0.9861271365063649,0.7245632143206937,0.3663586618829047,2025-01-24,2025-04-16
VID1445,video title 445,channel79,Education,0.41377899815222696,0.28755151396433387,0.7213124611653405,2025-01-18,2025-10-24
VID1446,video title 446,channel27,Sports,0.9373394600291761,0.8590156029864914,0.7605780601711732,2025-02-14,2025-02-24
VID1447,video title 447,channel96,Travel,0.17955282567426034,0.6413246842611496,0.6549678298691147,2025-02-17,2025-01-30
VID1448,video title 448,channel44,News,0.5294796842411703,0.33056834248718586,0.5323805896855145,2025-10-08,2025-06-21
VID1449,video title 449,channel7,Comedy,0.8060011134454667,0.796043627085358,0.2780260968912229,2025-04-26,2025-03-26
VID1450,video title 450,channel177,Sports,0.9979372528676445,0.7923795747288375,0.7931089775711051,2025-05-06,2025-05-06
VID1451,video title 451,channel174,Music,0.0032085391744149433,0.09463250232927249,0.5349261389829829,2025-05-21,2025-03-14
VID1452,video title 452,channel103,Education,0.641331127872843,0.37074735115886015,0.7666312561383817,2025-09-14,2025-05-07
VID1453,video title 453,channel173,Comedy,0.006491013378021165,0.2638067469794798,0.7752300014030588,2025-06-19,2025-07-15
VID1454,video title 454,channel37,Health,0.3046583287509018,0.6373416910894968,0.9541199815598004,2025-08-10,2025-01-22
VID1455,video title 455,channel71,Travel,0.34762321985846667,0.893559153475827,0.9896975406385922,2025-09-20,2025-08-29
VID1456,video title 456,channel168,Technology,0.5799146251323245,0.72077108336912,0.1375999679300876,2025-09-19,2025-10-03
VID1457,video title 457,channel59,Comedy,0.5850569269588212,0.782889201969899,0.16433825740113447,2025-05-19,2025-01-22
VID1458,video title 458,channel107,Lifestyle,0.2136987545363058,0.6889498308609141,0.30259966727465876,2025-10-17,2025-06-19
VID1459,video title 459,channel132,Travel,0.8013974524158772,0.10897730497522558,0.1890922210418713,2025-01-26,2025-06-28
VID1460,video title 460,channel31,Technology,0.4582235943956444,0.5406147270293551,0.8916036960574052,2025-04-23,2025-04-11
VID1461,video title 461,channel67,Music,0.295355775159558,0.49819559861675117,0.21043875648914634,2025-10-13,2025-05-14
VID1462,video title 462,channel133,Comedy,0.6271478578028478,0.48983030841827957,0.8683530095608427,2025-09-11,2025-02-06
VID1463,video title 463,channel41,Technology,0.31045740669268723,0.3737659878501129,0.8514561744603235,2025-10-28,2025-09-05
VID1464,video title 464,channel109,Sports,0.3755180223665518,0.208901211221694,0.31608907418171617,2025-04-06,2025-03-22
VID1465,video title 465,channel35,Health,0.5286927181831752,0.1724565725665695,0.834178509149947,2025-04-17,2025-05-19
VID1466,video title 466,channel34,Lifestyle,0.30096840824512194,0.24112427893006658,0.8074602633741557,2025-08-26,2025-04-17
VID1467,video title 467,channel86,Gaming,0.7403558484918559,0.537636271858119,0.6927702391212844,2025-08-29,2025-02-14
VID1468,video title 468,channel194,Education,0.2895297752234475,0.7320821812538141,0.5327213325048606,2025-08-03,2025-04-19
VID1469,video title 469,channel55,Technology,0.9268131611584735,0.5910902502053024,0.2612695676574934,2025-03-15,2025-01-06
VID1470,video title 470,channel20,Gaming,0.9344873359139604,0.025525310590593004,0.9458419354192139,2025-02-05,2025-03-29
VID1471,video title 471,channel166,Technology,0.9705145898122752,0.8067645588948072,0.015333426870577859,2025-04-04,2025-02-21
VID1472,video title 472,channel70,Lifestyle,0.4347984456767396,0.012069524075008855,0.7606381912569402,2025-01-07,2025-05-02
VID1473,video title 473,channel115,Comedy,0.7957070670034192,0.09247023428337514,0.7362851015213165,2025-08-26,2025-05-28
VID1474,video title 474,channel73,Comedy,0.28958763742020593,0.7646568372623326,0.06059209075785212,2025-08-30,2025-10-17
VID1475,video title 475,channel4,Travel,0.3549190803205646,0.2323722416014345,0.6892225050610331,2025-09-01,2025-06-16
VID1476,video title 476,channel133,Lifestyle,0.3199003966574134,0.22849723626482635,0.6045378926058809,2025-04-12,2025-04-11
VID1477,video title 477,channel68,Technology,0.7617365329252976,0.9791508138013475,0.8059569862299814,2025-10-23,2025-09-04
VID1478,video title 478,channel189,Health,0.23472684120825107,0.038511475590982266,0.15810466817662505,2025-08-31,2025-06-30
VID1479,video title 479,channel184,Music,0.10821134890643462,0.13105453887938764,0.4441682868653665,2025-10-14,2025-02-10
VID1480,video title 480,channel51,News,0.30912496888400093,0.4931226817146459,0.1098795373915135,2025-09-13,2025-09-05
VID1481,video title 481,channel77,News,0.6667872798800484,0.7591921505400647,0.29057345012126434,2025-04-26,2025-10-30
VID1482,video title 482,channel121,Health,0.42643735824515205,0.6931161522176431,0.5021947846304945,2025-09-04,2025-03-20
VID1483,video title 483,channel123,Technology,0.2023800650266618,0.1750407465726419,0.9876530837225151,2025-04-01,2025-02-26
VID1484,video title 484,channel81,Music,0.761027520104602,0.6858885013046436,0.8010462808923453,2025-10-13,2025-09-21
VID1485,video title 485,channel64,News,0.9904949287200017,0.5099411591866255,0.5230001403058668,2025-05-20,2025-04-13
VID1486,video title 486,channel200,Gaming,0.6487409045348089,0.09746781083544914,0.975025555711451,2025-09-27,2025-05-23
VID1487,video title 487,channel133,Comedy,0.36669082279441056,0.4427626804087465,0.6587560882724339,2025-06-10,2025-09-10
VID1488,video title 488,channel38,Travel,0.34809455566956105,0.210031316472163,0.01663626706219559,2025-02-25,2025-05-08
VID1489,video title 489,channel183,Comedy,0.3596374611916438,0.20010899237304522,0.5562526307350023,2025-09-22,2025-06-09
VID1490,video title 490,channel86,Sports,0.07916090974642495,0.38881898978635987,0.747549658254996,2025-08-09,2025-04-29
VID1491,video title 491,channel60,Lifestyle,0.7622671373059883,0.5412626540396239,0.5490569441382214,2025-05-03,2025-01-30
VID1492,video title 492,channel42,Lifestyle,0.22037440457689975,0.2471289048275585,0.9907398127918864,2025-06-10,2025-10-05
VID1493,video title 493,channel197,Travel,0.43325163646547965,0.2658886519853438,0.660099015854563,2025-09-09,2025-06-25
VID1494,video title 494,channel37,News,0.38485814620370745,0.18784860607795717,0.5922511074141629,2025-05-29,2025-06-16
VID1495,video title 495,channel141,News,0.26524412723816704,0.17410401488725316,0.9524563548535808,2025-10-22,2025-05-13
VID1496,video title 496,channel141,Lifestyle,0.2846353968372282,0.350387877235411,0.48465655128179436,2025-07-21,2025-07-07
VID1497,video title 497,channel10,Health,0.8473731868589325,0.29156715462100036,0.9587099877733459,2025-05-26,2025-08-23
VID1498,video title 498,channel192,Music,0.12007048740663442,0.37032042250868297,0.4793650157343008,2025-07-22,2025-09-28
VID1499,video title 499,channel131,Lifestyle,0.4979040021955489,0.06424271647166073,0.239121284399992,2025-08-07,2025-07-15
VID1500,video title 500,channel72,Lifestyle,0.9537337491107202,0.2509235471241333,0.5306969192840393,2025-09-24,2025-10-11
VID1501,video title 501,channel21,Education,0.20436244799685294,0.47186665762582464,0.8116093082920768,2025-01-23,2025-09-27
VID1502,video title 502,channel95,Travel,0.46659231642263754,0.3479744746894094,0.3298991802128641,2025-10-20,2025-09-17
VID1503,video title 503,channel64,Music,0.9260440761265598,0.29996760364948655,0.4532480808161793,2025-03-07,2025-07-02
VID1504,video title 504,channel25,Education,0.2732027911277161,0.17267003689165805,0.2983504038804594,2025-02-01,2025-10-20
VID1505,video title 505,channel32,News,0.25177609821143526,0.3354277950642025,0.024533482992924578,2025-06-29,2025-08-17
VID1506,video title 506,channel48,News,0.4156798114978212,0.09741256124542622,0.054438676314365324,2025-04-16,2025-05-08
VID1507,video title 507,channel160,Comedy,0.27814960712974773,0.6532385049460939,0.5821490850053116,2025-10-12,2025-08-19
VID1508,video title 508,channel110,Health,0.791649480455737,0.9592961202231078,0.24026377502956445,2025-01-06,2025-10-07
VID1509,video title 509,channel108,Lifestyle,0.829473877930454,0.13647402139163672,0.9860696317973182,2025-07-07,2025-08-05
VID1510,video title 510,channel171,News,0.1707903192526615,0.2577770076319775,0.5266480928423964,2025-02-14,2025-06-13
VID1511,video title 511,channel88,Education,0.3696070373289524,0.922658108002903,0.9496903249083002,2025-08-22,2025-05-24
VID1512,video title 512,channel9,Education,0.12814608115213277,0.22520486296846,0.5950171373594436,2025-01-19,2025-04-22
VID1513,video title 513,channel100,Education,0.6256337969876699,0.9241598923135262,0.5963199775510614,2025-05-13,2025-03-07
VID1514,video title 514,channel82,Health,0.27236017288742204,0.32191675895859545,0.9918422160309476,2025-04-10,2025-03-02
VID1515,video title 515,channel150,Health,0.5747407803721785,0.6024088821249997,0.00481048686135776,2025-08-17,2025-09-04
VID1516,video title 516,channel1,Travel,0.9110503334811363,0.937643303624122,0.5787416568118499,2025-06-15,2025-08-17
VID1517,video title 517,channel69,Comedy,0.18159246810999363,0.2595876873777289,0.4714277124130605,2025-07-23,2025-02-20
VID1518,video title 518,channel87,Education,0.3200890515280944,0.4530441268430133,0.6819867310737407,2025-03-21,2025-08-25
VID1519,video title 519,channel104,Technology,0.019841911638398237,0.1327371400300859,0.10286424405203344,2025-08-23,2025-02-09
VID1520,video title 520,channel60,Music,0.09037854132214718,0.45601755932424726,0.7043955823695657,2025-05-27,2025-04-26
VID1521,video title 521,channel58,Health,0.08923757112981766,0.8119781111169708,0.1498667094265499,2025-08-09,2025-11-01
VID1522,video title 522,channel1,Travel,0.43094558683217127,0.44720776106059124,0.6428814816299533,2025-06-22,2025-08-27
VID1523,video title 523,channel199,Music,0.2740297383563881,0.13483913579595824,0.9582690264777215,2025-09-11,2025-02-04
VID1524,video title 524,channel58,Lifestyle,0.2563964348046739,0.42320181419562874,0.3517267643462749,2025-04-23,2025-01-05
VID1525,video title 525,channel151,Health,0.6758644119965209,0.8866077505129422,0.0,2025-01-14,2025-05-19
VID1526,video title 526,channel73,Education,0.03998739889937261,0.18359187630119062,0.24788037922671424,2025-09-27,2025-06-21
VID1527,video title 527,channel198,Music,0.8341265610989638,0.2784353316105507,0.267723637529815,2025-10-19,2025-09-07
VID1528,video title 528,channel101,Education,0.8372945163714857,0.008413005753491399,0.8102663807099477,2025-08-01,2025-06-25
VID1529,video title 529,channel69,Comedy,0.11039162862595565,0.15381485862383318,0.3425066645286725,2025-03-04,2025-03-28
VID1530,video title 530,channel124,Education,0.4071117863486603,0.3205028717230087,0.9825018540418112,2025-08-14,2025-01-04
VID1531,video title 531,channel54,Education,0.519478966991023,0.015472396551421047,0.4829127497945522,2025-05-01,2025-02-24
VID1532,video title 532,channel94,Lifestyle,0.27637295641469756,0.3546521410471806,0.29221703313222824,2025-01-18,2025-01-20
VID1533,video title 533,channel68,Travel,0.5673687748664297,0.6716617318737396,0.480467418973362,2025-07-31,2025-06-04
VID1534,video title 534,channel81,Travel,0.011749642329250767,0.4577026718199466,0.8874746948347397,2025-07-05,2025-01-20
VID1535,video title 535,channel60,Gaming,0.11499549056595054,0.8991669868631542,0.09408510553005552,2025-03-26,2025-07-01
VID1536,video title 536,channel188,Music,0.5169961162009529,0.11148111594126467,0.21779479264797258,2025-10-06,2025-01-28
VID1537,video title 537,channel21,Music,0.5574950329925021,0.4088469661696715,0.04299372632338498,2025-05-07,2025-03-27
VID1538,video title 538,channel120,Health,0.8988126797771421,0.786525629531408,0.8465454691226875,2025-09-10,2025-01-28
VID1539,video title 539,channel42,Education,0.6265581857629662,0.4305399642886741,0.6074241847226955,2025-04-10,2025-04-04
VID1540,video title 540,channel88,Sports,0.011303420318832759,0.25342735809017236,0.7683750576256239,2025-06-18,2025-04-21
VID1541,video title 541,channel192,Comedy,0.6645495397845798,0.5354036861521925,0.14058647852318054,2025-02-06,2025-07-24
VID1542,video title 542,channel196,Music,0.5367044224197528,0.8102076128912361,0.8401314866408771,2025-04-27,2025-04-07
VID1543,video title 543,channel65,Sports,0.45161082931194413,0.05206269321660602,0.20925617846906255,2025-03-10,2025-04-23
VID1544,video title 544,channel21,Travel,0.2644336546627387,0.434520446115326,0.9604738329558438,2025-06-29,2025-01-18
VID1545,video title 545,channel123,Health,0.6715769839450485,0.1971430939268144,0.5767773746767955,2025-02-26,2025-08-27
VID1546,video title 546,channel51,Sports,0.34886705617836666,0.22448912964316298,0.29819005431841417,2025-02-11,2025-07-26
VID1547,video title 547,channel120,News,0.653163545289123,0.9396850271099693,0.15614038604157063,2025-07-24,2025-06-30
VID1548,video title 548,channel144,Technology,0.29356706982018316,0.8674336314299849,0.6239602333086128,2025-07-19,2025-09-17
VID1549,video title 549,channel8,Lifestyle,0.09325236376114726,0.4870477381571248,0.5482351526327394,2025-07-24,2025-02-15
VID1550,video title 550,channel54,Comedy,0.23819174205997054,0.9027356081096353,0.9794351686676956,2025-01-16,2025-07-11
VID1551,video title 551,channel151,Music,0.22789287376819317,0.8650754784740062,0.9281032651179572,2025-03-29,2025-03-10
VID1552,video title 552,channel156,Sports,0.3245769881641671,0.7617888812711423,0.3888476879597523,2025-09-03,2025-01-05
VID1553,video title 553,channel28,Lifestyle,0.11562554559731969,0.49847938060186897,0.7363251889118279,2025-08-24,2025-08-13
VID1554,video title 554,channel67,Music,0.654348715770643,0.9462722850477029,0.2890300855865788,2025-09-09,2025-06-25
VID1555,video title 555,channel93,Travel,0.025110787020303803,0.3405785636613401,0.6454871620131888,2025-05-01,2025-03-09
VID1556,video title 556,channel154,Comedy,0.6669277162534307,0.07373057788559818,0.4346876190094406,2025-09-27,2025-01-12
VID1557,video title 557,channel97,Gaming,0.8138217518864984,0.7648351427574065,0.09436571726363473,2025-09-11,2025-06-22
VID1558,video title 558,channel145,Gaming,0.18556587319780854,0.8296378891642997,0.1253332264336253,2025-07-27,2025-09-14
VID1559,video title 559,channel33,Technology,0.0003540041343343221,0.2601025131029425,0.30227896815056826,2025-10-24,2025-10-12
VID1560,video title 560,channel18,Lifestyle,0.14814651110040036,0.31069606949393885,0.9733619290052314,2025-02-22,2025-05-20
VID1561,video title 561,channel182,News,0.01860149079539023,0.4166898966079263,0.6392936601791906,2025-02-03,2025-02-06
VID1562,video title 562,channel13,Travel,0.9300817725441063,0.5642163473491497,0.3908320137900624,2025-08-27,2025-09-15
VID1563,video title 563,channel113,Comedy,0.45743019920467604,0.631643449282132,0.851897135755948,2025-09-12,2025-07-09
VID1564,video title 564,channel198,Travel,0.6395751709295501,0.6352798768436411,0.8617987212122428,2025-09-20,2025-10-14
VID1565,video title 565,channel90,Education,0.7111097225969758,0.6471208685235551,0.3503237056783789,2025-07-12,2025-04-01
VID1566,video title 566,channel112,Travel,0.9082082548861912,0.15584151403967422,0.6139985167665512,2025-05-03,2025-06-21
VID1567,video title 567,channel77,Health,0.4361901520550221,0.4618438797266652,0.03832354532881682,2025-06-11,2025-07-11
VID1568,video title 568,channel5,Education,0.7249470249488531,0.2988676345390301,0.6119941472409853,2025-04-05,2025-09-28
VID1569,video title 569,channel40,Travel,0.924362456033269,0.8767230965888401,0.06746707823054258,2025-04-15,2025-05-30
VID1570,video title 570,channel134,Comedy,0.3912360470234822,0.036035289419954646,0.06770760257361047,2025-08-03,2025-02-22
VID1571,video title 571,channel77,Health,0.5398354101776791,0.5794501661254717,0.8962738770519734,2025-09-07,2025-07-03
VID1572,video title 572,channel154,Education,0.07402222430722576,0.4180209094584787,0.7700587280270991,2025-03-16,2025-01-29
VID1573,video title 573,channel116,Lifestyle,0.6827618671246888,0.6724327147890595,0.4907297909442585,2025-05-16,2025-08-13
VID1574,video title 574,channel116,Gaming,0.47953757657448964,0.9133083705640229,0.648694153254094,2025-07-01,2025-02-17
VID1575,video title 575,channel153,Music,0.4088062647078973,0.736901452310814,0.10897757110500893,2025-01-17,2025-10-11
VID1576,video title 576,channel68,Music,0.07849790540856838,0.11493672666269875,0.6274478362830972,2025-06-15,2025-02-26
VID1577,video title 577,channel137,Comedy,0.35523772422354655,0.7513266179968004,0.7127738469864304,2025-03-03,2025-07-29
VID1578,video title 578,channel56,Technology,0.4920342037910588,0.8762082708636264,0.6120542783267523,2025-02-03,2025-07-22
VID1579,video title 579,channel148,Lifestyle,0.17768717164961306,0.7967091335106342,0.6718245775791225,2025-05-12,2025-06-19
VID1580,video title 580,channel158,News,0.9260259941900728,0.43661239650119416,0.5843338477881782,2025-04-27,2025-04-16
VID1581,video title 581,channel64,Technology,0.0302297832397727,0.44356631080908,0.6583552143673208,2025-02-01,2025-07-04
VID1582,video title 582,channel151,Health,0.5352538492926848,0.7250780400459074,0.3938586117736666,2025-08-16,2025-09-06
VID1583,video title 583,channel11,Comedy,0.6509489098902768,0.06510159646201716,0.4241045479144535,2025-02-15,2025-02-10
VID1584,video title 584,channel44,Technology,0.042510833591335784,0.652952211615975,0.9747048565873605,2025-05-23,2025-02-22
VID1585,video title 585,channel59,Education,0.8000320653007035,0.029955323172431457,0.9804173097352229,2025-06-15,2025-10-17
VID1586,video title 586,channel128,Sports,0.007063808943848154,0.7409196043124816,0.4888256398949711,2025-04-21,2025-03-04
VID1587,video title 587,channel31,Gaming,0.41888071607683053,0.9237957472883752,0.9253773225631878,2025-06-10,2025-04-17
VID1588,video title 588,channel73,News,0.5231739102569383,0.3065448162072161,0.4886853340281815,2025-02-12,2025-02-01
VID1589,video title 589,channel97,Sports,0.7692126100210493,0.7803602775538494,0.846104507827063,2025-08-27,2025-01-31
VID1590,video title 590,channel20,Lifestyle,0.2575118893755162,0.8792871798349041,0.7982201198612977,2025-06-15,2025-02-16
VID1591,video title 591,channel178,Comedy,0.7290220907018061,0.8187788333797932,0.47409352388206294,2025-03-23,2025-09-15
VID1592,video title 592,channel120,Technology,0.9629555367190887,0.3435519961425741,0.2593654166082059,2025-07-26,2025-08-30
VID1593,video title 593,channel99,Music,0.7907769265650367,0.16921442617022397,0.47461465995871,2025-05-29,2025-10-07
VID1594,video title 594,channel60,Travel,0.6415260109660916,0.39934152534072676,0.4219999599126095,2025-04-02,2025-06-15
VID1595,video title 595,channel159,Health,0.34297636309171375,0.24100875706001865,0.15265278306708624,2025-09-01,2025-04-24
VID1596,video title 596,channel32,News,0.32607577978853375,0.23300007785169502,0.7328576296325992,2025-06-16,2025-07-24
VID1597,video title 597,channel9,Comedy,0.023256383978359538,0.2859819233386825,0.11671443747369264,2025-01-25,2025-08-31
VID1598,video title 598,channel182,Education,0.26550993170452586,0.7145479704565374,0.946483333667395,2025-04-26,2025-07-11
VID1599,video title 599,channel63,Lifestyle,0.2598040761908512,0.03378512429902083,0.42616904852578624,2025-10-08,2025-02-11
VID1600,video title 600,channel166,Education,0.8533958780819404,0.29358878734683935,0.3545529253773226,2025-10-26,2025-08-06
VID1601,video title 601,channel10,Technology,0.3989393537877538,0.5742341025583071,0.1962678639433966,2025-10-15,2025-04-24
VID1602,video title 602,channel24,News,0.3384506552994238,0.6586002265233191,0.5442665009721193,2025-03-04,2025-02-17
VID1603,video title 603,channel129,Education,0.575719013136125,0.8414060518391835,0.7099476859553828,2025-05-12,2025-10-25
VID1604,video title 604,channel58,Comedy,0.444942412045945,0.6058268226714181,0.8167004068870137,2025-05-10,2025-06-01
VID1605,video title 605,channel155,Health,0.25152174563818486,0.004686169771944761,0.1662624521456776,2025-07-04,2025-02-09
VID1606,video title 606,channel55,Comedy,0.18751369957826897,0.09924584309618703,0.19967529213685836,2025-02-01,2025-07-06
VID1607,video title 607,channel171,Lifestyle,0.5067438591232309,0.9763079712601678,0.08085626666132167,2025-08-27,2025-02-15
VID1608,video title 608,channel200,Comedy,0.185306096043612,0.8615470387475419,0.37531819366218355,2025-01-14,2025-06-27
VID1609,video title 609,channel119,Music,0.1267360919269578,0.6567870354325666,0.6631857449239342,2025-05-05,2025-08-31
VID1610,video title 610,channel10,Health,0.17406214520478094,0.8285027612238286,0.13184742739171393,2025-10-09,2025-03-31
VID1611,video title 611,channel84,Sports,0.47952130283165134,0.5346829301368934,0.16463891282996934,2025-07-15,2025-05-08
VID1612,video title 612,channel27,Education,0.4785977176979766,0.41988683879425304,0.7811028041129663,2025-09-22,2025-08-13
VID1613,video title 613,channel72,Sports,0.823558673774341,0.9567345483220447,0.8803190956284701,2025-03-09,2025-01-23
VID1614,video title 614,channel72,Gaming,0.4911602435275206,0.8139922098078067,0.6239201459181015,2025-08-24,2025-09-06
VID1615,video title 615,channel13,Music,0.9196756180958394,0.17805184922889153,0.7810426730271993,2025-06-27,2025-02-28
VID1616,video title 616,channel154,Travel,0.9668349157371713,0.503308697038873,0.1568619590707743,2025-03-27,2025-04-19
VID1617,video title 617,channel91,Technology,0.8596861819649559,0.6395943675554316,0.49692329277825664,2025-08-29,2025-05-12
VID1618,video title 618,channel100,Lifestyle,1.0,0.8257176796176727,0.5697620813373154,2025-08-09,2025-02-05
VID1619,video title 619,channel102,Gaming,0.5286864899606074,0.12234017172577116,0.4025976629051332,2025-05-07,2025-05-13
VID1620,video title 620,channel5,Music,0.2508382484389764,0.06038780189506093,0.8130925417409954,2025-06-20,2025-09-16
VID1621,video title 621,channel162,Music,0.1299904386738065,0.8497738533826561,0.26249223306808844,2025-03-12,2025-01-07
VID1622,video title 622,channel111,Music,0.4758649343635751,0.6316936761821528,0.2746787997835281,2025-01-02,2025-01-19
VID1623,video title 623,channel200,Health,0.0070306587269553245,0.2051467504451359,0.0033673408029504326,2025-01-16,2025-03-01
VID1624,video title 624,channel193,Music,0.9049725928070458,0.9903112309859791,0.3512657593553948,2025-07-30,2025-03-16
VID1625,video title 625,channel95,Lifestyle,0.2648033298086951,0.003950345686639393,0.9811589264596822,2025-06-16,2025-04-27
VID1626,video title 626,channel171,Gaming,0.3198061696772756,0.45767504702493517,0.6355454891663828,2025-08-03,2025-05-20
VID1627,video title 627,channel160,Technology,0.04264062171323134,0.42002245142430933,0.19624782024814094,2025-07-19,2025-01-09
VID1628,video title 628,channel87,Comedy,0.8371094778881021,0.36962477994339427,0.3402417269647832,2025-03-12,2025-05-23
VID1629,video title 629,channel36,News,0.8985985092849739,0.9999949773099978,0.997374275921509,2025-05-23,2025-05-19
VID1630,video title 630,channel3,Music,0.14767256345403562,0.8166517241639104,0.5213966446854142,2025-03-29,2025-06-06
VID1631,video title 631,channel78,Comedy,0.5398984960449781,0.3170296815865673,0.23453127818644645,2025-04-01,2025-07-03
VID1632,video title 632,channel71,Lifestyle,0.5735763036624157,0.9917025161165565,0.6867370868493315,2025-06-15,2025-01-15
VID1633,video title 633,channel38,Health,0.923865403690282,0.6891607838410017,0.39965123970255156,2025-08-13,2025-05-06
VID1634,video title 634,channel20,Comedy,0.882402317863165,0.6925485882474076,0.9259385460303462,2025-09-21,2025-03-01
VID1635,video title 635,channel86,Health,0.05357577325894558,0.15901836546599263,0.5127978994207373,2025-08-28,2025-10-22
VID1636,video title 636,channel103,Technology,0.9355515583314229,0.5274251430838813,0.2918762903128821,2025-01-05,2025-09-11
VID1637,video title 637,channel148,Comedy,0.19874378759912667,0.2757808399444491,0.6326992844400794,2025-09-30,2025-08-20
VID1638,video title 638,channel6,Lifestyle,0.17983229204818715,0.1894156853586075,0.2914553727125133,2025-08-23,2025-03-08
VID1639,video title 639,channel185,Education,0.557002802499245,0.5814893782663181,0.020424525465514824,2025-10-15,2025-10-20
VID1640,video title 640,channel145,Sports,0.31216514513868143,0.01775269781236737,0.6245815878615382,2025-06-12,2025-07-16
VID1641,video title 641,channel81,Music,0.6828179211277984,0.1139045638672704,0.8016876791405264,2025-09-02,2025-10-25
VID1642,video title 642,channel196,Music,0.7619916891401697,0.5003704233876537,0.061073139443987894,2025-01-08,2025-01-23
VID1643,video title 643,channel178,Sports,0.329710650843231,0.018475965172667527,0.43204185123569383,2025-08-05,2025-07-04
VID1644,video title 644,channel25,Comedy,0.597063734606998,0.9509885909596602,0.37451644585195726,2025-04-05,2025-05-25
VID1645,video title 645,channel198,News,0.03878073100447367,0.8784232771545456,0.13345092301216652,2025-05-17,2025-03-11
VID1646,video title 646,channel83,Music,0.8581361581872095,0.11508489601776023,0.29632599065963805,2025-01-22,2025-07-10
VID1647,video title 647,channel51,Comedy,0.524454312270623,0.5095644574364692,0.711751618528392,2025-04-06,2025-05-24
VID1648,video title 648,channel121,Gaming,0.1294881626602788,0.4774493775631415,0.47182858631817365,2025-06-26,2025-01-21
VID1649,video title 649,channel52,News,0.42770831746978255,0.39520031743400813,0.8421358561664429,2025-09-11,2025-08-21
VID1650,video title 650,channel23,Lifestyle,0.14959065509449518,0.34924521525993674,0.4793650157343008,2025-06-11,2025-05-10
VID1651,video title 651,channel89,Travel,0.3640169062087945,0.8195849751251277,0.15772383796676756,2025-04-03,2025-05-15
VID1652,video title 652,channel92,Gaming,0.6889844642010807,0.32407149296948967,0.8735844140225693,2025-02-27,2025-09-14
VID1653,video title 653,channel93,Comedy,0.43705848682720877,0.433390340864857,0.8002445330821191,2025-07-25,2025-09-03
VID1654,video title 654,channel172,Lifestyle,0.02975884924948913,0.3352570236041317,0.46623639534184524,2025-02-10,2025-07-03
VID1655,video title 655,channel1,Sports,0.5432673617229111,0.08135753265376337,0.11547172836784189,2025-08-04,2025-06-18
VID1656,video title 656,channel31,Lifestyle,0.7948684669712334,0.06054350528512556,0.745966206329799,2025-09-19,2025-03-25
VID1657,video title 657,channel186,Travel,0.2868090465133707,0.03239383916844345,0.1389629392074723,2025-10-01,2025-03-24
VID1658,video title 658,channel169,Gaming,0.4356862687582511,0.7164415245873231,0.4990479244753563,2025-05-24,2025-05-19
VID1659,video title 659,channel35,Sports,0.38722386622742294,0.29672043456313896,0.03343288368643643,2025-06-24,2025-07-23
VID1660,video title 660,channel139,Sports,0.4031902161454414,0.6799793065171914,0.8381271171153114,2025-03-22,2025-01-08
VID1661,video title 661,channel46,Music,0.19566101833849908,0.5201397312358579,0.2604477761520114,2025-01-29,2025-03-02
VID1662,video title 662,channel186,Comedy,0.9634495754059946,0.14748878056620784,0.8147160810567037,2025-05-29,2025-01-02
VID1663,video title 663,channel36,Music,0.23909242340742842,0.28271215214732554,0.6416989036098696,2025-02-06,2025-03-25
VID1664,video title 664,channel10,Lifestyle,0.386166273853339,0.3279891911711155,0.5257661702511476,2025-02-06,2025-04-09
VID1665,video title 665,channel52,Travel,0.33417427732024896,0.6144407360249928,0.6719648834459121,2025-07-02,2025-05-05
VID1666,video title 666,channel132,Lifestyle,0.35792048086700073,0.14832254710655385,0.8045539275620854,2025-07-14,2025-05-21
VID1667,video title 667,channel70,Travel,0.33395347678470216,0.30917670576830836,0.3776833497023511,2025-07-03,2025-02-17
VID1668,video title 668,channel157,Music,0.7754934711150104,0.14206176401895562,0.17977190274799063,2025-02-02,2025-06-11
VID1669,video title 669,channel200,Technology,0.6887160478994515,0.32252701579384874,0.8405323605459903,2025-09-24,2025-07-18
VID1670,video title 670,channel197,Lifestyle,0.012599895164950456,0.8600226523319093,0.912148483694454,2025-01-19,2025-06-16
VID1671,video title 671,channel200,Travel,0.32749420725073597,0.023671937979823855,0.994387765328416,2025-05-30,2025-09-19
VID1672,video title 672,channel158,Music,0.03948190831935834,0.0028353085061766535,0.5574752961455974,2025-10-26,2025-01-21
VID1673,video title 673,channel22,News,0.8113919414434568,0.6650016449309756,0.7820448577899822,2025-06-06,2025-01-20
VID1674,video title 674,channel105,Technology,0.21883422540901842,0.16831787600485193,0.06612415064841354,2025-07-06,2025-08-01
VID1675,video title 675,channel51,Education,0.983396161365612,0.9950626957279509,0.6308352207813033,2025-05-24,2025-03-09
VID1676,video title 676,channel71,Music,0.28162254439768364,0.45013096664180435,0.5908881361367783,2025-01-19,2025-04-03
VID1677,video title 677,channel170,Education,0.06650958151768925,0.28446255961305195,0.6014110761459983,2025-02-07,2025-05-14
VID1678,video title 678,channel194,Sports,0.15288096480391244,0.4353165424806564,0.45882022809725204,2025-09-29,2025-03-08
VID1679,video title 679,channel37,Music,0.15490935625694272,0.8975572147174862,0.759535788017879,2025-06-19,2025-06-16
VID1680,video title 680,channel50,Sports,0.9124940756544203,0.4985622549869034,0.23443105971016817,2025-04-17,2025-05-09
VID1681,video title 681,channel158,News,0.19796124157005052,0.1791643750643532,0.42624922330680887,2025-04-06,2025-02-03
VID1682,video title 682,channel86,Sports,0.9063811756593828,0.5987247390084707,0.9961115231204025,2025-05-08,2025-03-03
VID1683,video title 683,channel95,Comedy,0.46258013562657824,0.8735788926475352,0.38445811869876334,2025-05-02,2025-05-02
VID1684,video title 684,channel78,Sports,0.48036090741586424,0.001235581740512767,0.905654326431621,2025-03-23,2025-06-24
VID1685,video title 685,channel167,News,0.32997223619107624,0.9758609518499822,0.6173458138742459,2025-04-22,2025-10-07
VID1686,video title 686,channel108,Sports,0.13841119649580108,0.4017147463667116,0.905654326431621,2025-08-03,2025-02-24
VID1687,video title 687,channel155,Travel,0.4943062995658527,0.38889433013639113,0.5042993726323385,2025-01-25,2025-09-27
VID1688,video title 688,channel23,Sports,0.222619779267774,0.003073886281275663,0.999478863923353,2025-07-30,2025-03-07
VID1689,video title 689,channel158,Gaming,0.9491473663759961,0.45523401968392213,0.4929345974223808,2025-04-06,2025-04-23
VID1690,video title 690,channel101,Music,0.6038229633762431,0.44717260223057664,0.9378044136216953,2025-02-11,2025-04-28
VID1691,video title 691,channel96,Gaming,0.2757698233776535,0.6713026095385906,0.41785091499468846,2025-03-10,2025-07-02
VID1692,video title 692,channel105,Health,0.07851739371789326,0.3117382776693714,0.5271491852237878,2025-09-23,2025-02-07
VID1693,video title 693,channel25,Technology,0.013681194966872888,0.2631136157591922,0.23735743921749414,2025-08-28,2025-05-17
VID1694,video title 694,channel94,Sports,0.5950703015645094,0.639260358670293,0.6987432603074704,2025-01-09,2025-08-05
VID1695,video title 695,channel182,Music,0.13542928425868983,0.6477336367038093,0.6363672806718647,2025-05-15,2025-10-02
VID1696,video title 696,channel42,Health,0.15829349112568694,0.27748855454515775,0.9455613236856347,2025-08-03,2025-03-08
VID1697,video title 697,channel174,Education,0.33192468351086113,0.1356804363713074,0.01753823334870017,2025-06-13,2025-04-20
VID1698,video title 698,channel99,Health,0.3158514492571639,0.820310753830429,0.3668597542642962,2025-03-16,2025-06-18
VID1699,video title 699,channel149,Education,0.5611937935561201,0.09548635962962684,0.15209155959992784,2025-03-16,2025-06-28
